{"Power": 0.30107427132608666, "Strength": 0.17450929453250327, "Speed": 0.5410325125335655, "Size": 0.24861736404258836, "Agility": 0.3897323285834727, "Perception": 0.608991447808157}