{"Power": 0.1859471949014217, "Strength": 0.16658861357545968, "Speed": 0.5332010732738304, "Size": 0.6332070634815847, "Agility": 0.24077459577038227, "Perception": 0.4958795946624038}