{"Power": 0.31980077704805815, "Strength": 0.24342367071091936, "Speed": 0.3902527311789427, "Size": 0.559220722002348, "Agility": 0.5786386718458285, "Perception": 0.3142184021611375}