{"Power": 0.1794155068034359, "Strength": 0.22828860492270261, "Speed": 0.43733129232018797, "Size": 0.21382861265687314, "Agility": 0.8021838885585817, "Perception": 0.47795750972453216}