{"Power": 0.640995496919482, "Strength": 0.6461137412976246, "Speed": 0.5652507475670999, "Size": 0.2538846846472318, "Agility": 0.6896401480530191, "Perception": 0.7082953011633124}