{"Power": 0.27202455109402257, "Strength": 0.15895821161725224, "Speed": 0.5074369514941841, "Size": 0.17051241971682207, "Agility": 0.36658973632215985, "Perception": 0.5681670689788517}