{"Power": 0.8491724300442177, "Strength": 0.9640841541172384, "Speed": 0.4099916247711199, "Size": 0.39987163281527666, "Agility": 0.2270577406032615, "Perception": 0.38916320060390297}