{"Power": 0.6872942801972042, "Strength": 0.7814267129652402, "Speed": 0.6101636109428106, "Size": 0.9773790924021551, "Agility": 0.3615253058282942, "Perception": 0.43611970989101373}