{"Power": 0.18928120330489115, "Strength": 0.4895015432277752, "Speed": 0.43862359585729893, "Size": 0.7298772728694914, "Agility": 0.4645128926113808, "Perception": 0.44328529616302303}