{"Power": 0.6989257286739133, "Strength": 0.8254907054674968, "Speed": 0.510061141730139, "Size": 0.5384240911869265, "Agility": 0.7103068910669287, "Perception": 0.5543207689939905}